insert into tb_aluno (id,data_cadastro,email,nome) values (101,'2024-11-13','aluno1@email.com', 'Ana Souza');
insert into tb_aluno (id,data_cadastro,email,nome) values (102,'2024-11-12','aluno2@email.com', 'Carlos da Silva Pereira');
insert into tb_aluno (id,data_cadastro,email,nome) values (103,'2024-11-11','aluno3@email.com', 'Beatriz Oliveira');
insert into tb_aluno (id,data_cadastro,email,nome) values (104,'2024-11-10','aluno4@email.com', 'Lucas da Silva Silva');
insert into tb_aluno (id,data_cadastro,email,nome) values (105,'2024-11-09','aluno5@email.com', 'Fernanda Costa');
insert into tb_aluno (id,data_cadastro,email,nome) values (106,'2024-11-08','aluno6@email.com', 'José Conceição Santos');
insert into tb_aluno (id,data_cadastro,email,nome) values (107,'2024-11-07','aluno7@email.com', 'Camila Almeida');
insert into tb_aluno (id,data_cadastro,email,nome) values (108,'2024-11-06','aluno8@email.com', 'Rafael Matos Lima');
insert into tb_aluno (id,data_cadastro,email,nome) values (109,'2024-11-05','aluno9@email.com', 'Mariana Rocha');
insert into tb_aluno (id,data_cadastro,email,nome) values (1010,'2024-11-04','aluno10@email.com', 'Giovanni Vieira Martins');
insert into tb_aluno (id,data_cadastro,email,nome) values (1011,'2024-11-03','aluno11@email.com', 'Patrícia Sousa');
insert into tb_aluno (id,data_cadastro,email,nome) values (1012,'2024-11-02','aluno12@email.com', 'Ricardo Oliveira');
insert into tb_aluno (id,data_cadastro,email,nome) values (1013,'2024-11-01','aluno13@email.com', 'Juliana Pires');
insert into tb_aluno (id,data_cadastro,email,nome) values (1014,'2024-10-01','aluno14@email.com', 'Eduardo Lima');
insert into tb_aluno (id,data_cadastro,email,nome) values (1015,'2024-10-02','aluno15@email.com', 'Sílvia Almeida');
insert into tb_aluno (id,data_cadastro,email,nome) values (1016,'2024-10-03','aluno16@email.com', 'Fábio Costa');
insert into tb_aluno (id,data_cadastro,email,nome) values (1017,'2024-10-04','aluno17@email.com', 'Marta Dias');
insert into tb_aluno (id,data_cadastro,email,nome) values (1018,'2024-10-05','aluno18@email.com', 'Vítor Rocha');
insert into tb_aluno (id,data_cadastro,email,nome) values (1019,'2024-10-06','aluno19@email.com', 'Regina Santos');
insert into tb_aluno (id,data_cadastro,email,nome) values (1020,'2024-10-07','aluno20@email.com', 'Cláudia Pereira');
insert into tb_aluno (id,data_cadastro,email,nome) values (1021,'2024-10-08','aluno21@email.com', 'Jorge Silva');
insert into tb_aluno (id,data_cadastro,email,nome) values (1022,'2024-10-09','aluno22@email.com', 'Priscila Martins');
insert into tb_aluno (id,data_cadastro,email,nome) values (1023,'2024-10-10','aluno23@email.com', 'Gustavo Oliveira');
insert into tb_aluno (id,data_cadastro,email,nome) values (1024,'2024-10-11','aluno24@email.com', 'Paula Lima');
insert into tb_aluno (id,data_cadastro,email,nome) values (1025,'2024-10-12','aluno25@email.com', 'André Conceição Souza');
insert into tb_aluno (id,data_cadastro,email,nome) values (1026,'2024-10-13','aluno26@email.com', 'Larissa Costa');
insert into tb_aluno (id,data_cadastro,email,nome) values (1027,'2024-10-14','aluno27@email.com', 'Roberto Almeida');
insert into tb_aluno (id,data_cadastro,email,nome) values (1028,'2024-10-15','aluno28@email.com', 'Cláudio Santos');
insert into tb_aluno (id,data_cadastro,email,nome) values (1029,'2024-10-16','aluno29@email.com', 'Sabrina Rocha');
insert into tb_aluno (id,data_cadastro,email,nome) values (1030,'2024-10-17','aluno30@email.com', 'Marcos da Silva');
insert into tb_aluno (id,data_cadastro,email,nome) values (1031,'2024-10-18','aluno31@email.com', 'Eliane Pires');
insert into tb_aluno (id,data_cadastro,email,nome) values (1032,'2024-10-19','aluno32@email.com', 'Fábio Almeida');
insert into tb_aluno (id,data_cadastro,email,nome) values (1033,'2024-10-20','aluno33@email.com', 'Catarina Costa');
insert into tb_aluno (id,data_cadastro,email,nome) values (1034,'2024-10-21','aluno34@email.com', 'Fernando Lima');
insert into tb_aluno (id,data_cadastro,email,nome) values (1035,'2024-10-22','aluno35@email.com', 'Raquel Matos Pereira');
insert into tb_aluno (id,data_cadastro,email,nome) values (1036,'2024-10-23','aluno36@email.com', 'Gilberto Rocha');
insert into tb_aluno (id,data_cadastro,email,nome) values (1037,'2024-10-24','aluno37@email.com', 'Leonardo Sousa');
insert into tb_aluno (id,data_cadastro,email,nome) values (1038,'2024-10-25','aluno38@email.com', 'Tatiane Martins');
insert into tb_aluno (id,data_cadastro,email,nome) values (1039,'2024-10-26','aluno39@email.com', 'Arthur Oliveira');
insert into tb_aluno (id,data_cadastro,email,nome) values (1040,'2024-10-27','aluno40@email.com', 'Tânia Dias');
insert into tb_aluno (id,data_cadastro,email,nome) values (1041,'2024-10-28','aluno41@email.com', 'Wilson Lima');
insert into tb_aluno (id,data_cadastro,email,nome) values (1042,'2024-10-29','aluno42@email.com', 'Fabiane Rocha');
insert into tb_aluno (id,data_cadastro,email,nome) values (1043,'2024-10-30','aluno43@email.com', 'Juliano Costa');
insert into tb_aluno (id,data_cadastro,email,nome) values (1044,'2024-09-01','aluno44@email.com', 'Natália Silva');
insert into tb_aluno (id,data_cadastro,email,nome) values (1045,'2024-09-02','aluno45@email.com', 'Marcelo Souza');
insert into tb_aluno (id,data_cadastro,email,nome) values (1046,'2024-09-03','aluno46@email.com', 'Ricardo Santos');
insert into tb_aluno (id,data_cadastro,email,nome) values (1047,'2024-09-04','aluno47@email.com', 'Vanessa Almeida');
insert into tb_aluno (id,data_cadastro,email,nome) values (1048,'2024-09-05','aluno48@email.com', 'José Conceição Lima');
insert into tb_aluno (id,data_cadastro,email,nome) values (1049,'2024-09-06','aluno49@email.com', 'Bruna Rocha');
insert into tb_aluno (id,data_cadastro,email,nome) values (1050,'2024-09-07','aluno50@email.com', 'Tatiane Costa');
insert into tb_aluno (id,data_cadastro,email,nome) values (1051,'2024-09-08','aluno51@email.com', 'Daniela Pereira');
insert into tb_aluno (id,data_cadastro,email,nome) values (1052,'2024-09-09','aluno52@email.com', 'Maurício Silva');
insert into tb_aluno (id,data_cadastro,email,nome) values (1053,'2024-09-10','aluno53@email.com', 'Giselle Oliveira');
insert into tb_aluno (id,data_cadastro,email,nome) values (1054,'2024-09-11','aluno54@email.com', 'Juliane Martins');
insert into tb_aluno (id,data_cadastro,email,nome) values (1055,'2024-09-12','aluno55@email.com', 'Cássio Santos');
insert into tb_aluno (id,data_cadastro,email,nome) values (1056,'2024-09-13','aluno56@email.com', 'Simone Lima');
insert into tb_aluno (id,data_cadastro,email,nome) values (1057,'2024-09-14','aluno57@email.com', 'Luís da Silva Rocha');
insert into tb_aluno (id,data_cadastro,email,nome) values (1058,'2024-09-15','aluno58@email.com', 'Beatriz Pires');
insert into tb_aluno (id,data_cadastro,email,nome) values (1059,'2024-09-16','aluno59@email.com', 'Felipe Costa');
insert into tb_aluno (id,data_cadastro,email,nome) values (1060,'2024-09-17','aluno60@email.com', 'Cíntia Souza');
insert into tb_aluno (id,data_cadastro,email,nome) values (1061,'2024-09-18','aluno61@email.com', 'Sérgio Santos');
insert into tb_aluno (id,data_cadastro,email,nome) values (1062,'2024-09-19','aluno62@email.com', 'Vanessa Lima');
insert into tb_aluno (id,data_cadastro,email,nome) values (1063,'2024-09-20','aluno63@email.com', 'Carlos da Silva Rocha');
insert into tb_aluno (id,data_cadastro,email,nome) values (1064,'2024-09-21','aluno64@email.com', 'Cláudio Almeida');
insert into tb_aluno (id,data_cadastro,email,nome) values (1065,'2024-09-22','aluno65@email.com', 'Carla Santos');
insert into tb_aluno (id,data_cadastro,email,nome) values (1066,'2024-09-23','aluno66@email.com', 'Rui Vieira Oliveira');
insert into tb_aluno (id,data_cadastro,email,nome) values (1067,'2024-09-24','aluno67@email.com', 'Rogério Lima');
insert into tb_aluno (id,data_cadastro,email,nome) values (1068,'2024-09-25','aluno68@email.com', 'Ana Costa');
insert into tb_aluno (id,data_cadastro,email,nome) values (1069,'2024-09-26','aluno69@email.com', 'Lúcia Pereira');
insert into tb_aluno (id,data_cadastro,email,nome) values (1070,'2024-09-27','aluno70@email.com', 'Eduardo Souza');
insert into tb_aluno (id,data_cadastro,email,nome) values (1071,'2024-09-28','aluno71@email.com', 'Miriam Martins');
insert into tb_aluno (id,data_cadastro,email,nome) values (1072,'2024-09-29','aluno72@email.com', 'Marcelo Lima');
insert into tb_aluno (id,data_cadastro,email,nome) values (1073,'2024-09-30','aluno73@email.com', 'Jéssica Rocha');
insert into tb_aluno (id,data_cadastro,email,nome) values (1074,'2024-08-01','aluno74@email.com', 'Felipe Almeida');
insert into tb_aluno (id,data_cadastro,email,nome) values (1075,'2024-08-02','aluno75@email.com', 'Roberta Costa');
insert into tb_aluno (id,data_cadastro,email,nome) values (1076,'2024-08-03','aluno76@email.com', 'Marcelo Santos');
insert into tb_aluno (id,data_cadastro,email,nome) values (1077,'2024-08-04','aluno77@email.com', 'Raul Matos Lima');
insert into tb_aluno (id,data_cadastro,email,nome) values (1078,'2024-08-05','aluno78@email.com', 'Daniele Rocha');
insert into tb_aluno (id,data_cadastro,email,nome) values (1079,'2024-08-06','aluno79@email.com', 'Eliane Almeida');
insert into tb_aluno (id,data_cadastro,email,nome) values (1080,'2024-08-07','aluno80@email.com', 'Juliano Santos');
insert into tb_aluno (id,data_cadastro,email,nome) values (1081,'2024-08-08','aluno81@email.com', 'Silvana Lima');
insert into tb_aluno (id,data_cadastro,email,nome) values (1082,'2024-08-09','aluno82@email.com', 'Priscila Rocha');
insert into tb_aluno (id,data_cadastro,email,nome) values (1083,'2024-08-10','aluno83@email.com', 'Sérgio Almeida');
insert into tb_aluno (id,data_cadastro,email,nome) values (1084,'2024-08-11','aluno84@email.com', 'Bruno Costa');
insert into tb_aluno (id,data_cadastro,email,nome) values (1085,'2024-08-12','aluno85@email.com', 'Giovana Santos');
insert into tb_aluno (id,data_cadastro,email,nome) values (1086,'2024-08-13','aluno86@email.com', 'Pedro Lima');
insert into tb_aluno (id,data_cadastro,email,nome) values (1087,'2024-08-14','aluno87@email.com', 'Elaine Rocha');
insert into tb_aluno (id,data_cadastro,email,nome) values (1088,'2024-08-15','aluno88@email.com', 'Elias da Silva Souza');
insert into tb_aluno (id,data_cadastro,email,nome) values (1089,'2024-08-16','aluno89@email.com', 'Roberta Almeida');
insert into tb_aluno (id,data_cadastro,email,nome) values (1090,'2024-08-17','aluno90@email.com', 'Mário Santos');
insert into tb_aluno (id,data_cadastro,email,nome) values (1091,'2024-08-18','aluno91@email.com', 'Hugo Lima');
insert into tb_aluno (id,data_cadastro,email,nome) values (1092,'2024-08-19','aluno92@email.com', 'Amanda Rocha');
insert into tb_aluno (id,data_cadastro,email,nome) values (1093,'2024-08-20','aluno93@email.com', 'Cláudia Oliveira');
insert into tb_aluno (id,data_cadastro,email,nome) values (1094,'2024-08-21','aluno94@email.com', 'Henrique Souza');
insert into tb_aluno (id,data_cadastro,email,nome) values (1095,'2024-08-22','aluno95@email.com', 'Caroline Lima');
insert into tb_aluno (id,data_cadastro,email,nome) values (1096,'2024-08-23','aluno96@email.com', 'Francisco Rocha');
insert into tb_aluno (id,data_cadastro,email,nome) values (1097,'2024-08-24','aluno97@email.com', 'Aline Almeida');
insert into tb_aluno (id,data_cadastro,email,nome) values (1098,'2024-08-25','aluno98@email.com', 'Leandro Santos');
insert into tb_aluno (id,data_cadastro,email,nome) values (1099,'2024-08-26','aluno99@email.com', 'Tatiane Lima');
insert into tb_aluno (id,data_cadastro,email,nome) values (10100,'2024-08-27','aluno100@email.com', 'Marcel Matos Rocha');


insert into tb_curso (id,data_criacao,descricao,nome) values (1015,'2024-01-01','Curso de introdução às finanças pessoais, ensinando os conceitos básicos para gerenciar dinheiro, poupança e orçamento pessoal.', 'Finanças Pessoais');
insert into tb_curso (id,data_criacao,descricao,nome) values (101,'2024-01-01','Curso sobre como investir em ações, incluindo análise de mercado, tipos de ações e estratégias de compra e venda.', 'Investindo em Ações');
insert into tb_curso (id,data_criacao,descricao,nome) values (102,'2024-01-01','Curso completo de contabilidade básica, cobrindo desde os princípios fundamentais até a elaboração de balanços e demonstrações financeiras.', 'Contabilidade para Iniciantes');
insert into tb_curso (id,data_criacao,descricao,nome) values (103,'2024-01-01','Curso avançado de análise financeira, ensinando a interpretar demonstrações financeiras e indicadores de desempenho de empresas.', 'Análise Financeira Avançada');
insert into tb_curso (id,data_criacao,descricao,nome) values (104,'2024-01-01','Curso sobre gestão de fluxo de caixa, abordando como controlar entradas e saídas de dinheiro em pequenas e médias empresas.', 'Gestão de Fluxo de Caixa');
insert into tb_curso (id,data_criacao,descricao,nome) values (105,'2024-01-01','Curso sobre análise de investimentos, abordando teorias e práticas para avaliação de diferentes tipos de investimentos, como fundos, ações e imóveis.', 'Análise de Investimentos');
insert into tb_curso (id,data_criacao,descricao,nome) values (106,'2024-01-01','Curso de finanças empresariais, com foco na tomada de decisões financeiras estratégicas em empresas.', 'Finanças Empresariais');
insert into tb_curso (id,data_criacao,descricao,nome) values (107,'2024-01-01','Curso de planejamento financeiro, ensinando a criar um plano financeiro pessoal ou empresarial e estabelecer objetivos financeiros de curto e longo prazo.', 'Planejamento Financeiro Pessoal e Empresarial');
insert into tb_curso (id,data_criacao,descricao,nome) values (108,'2024-01-01','Curso de economia básica, com explicação sobre micro e macroeconomia, mercados, inflação, desemprego e políticas monetárias.', 'Fundamentos de Economia');
insert into tb_curso (id,data_criacao,descricao,nome) values (109,'2024-01-01','Curso de matemática financeira, abordando cálculos financeiros, como juros simples, compostos, descontos, amortizações e financiamentos.', 'Matemática Financeira');
insert into tb_curso (id,data_criacao,descricao,nome) values (1010,'2024-01-01','Curso de análise de crédito, abordando os critérios usados por bancos e financeiras para avaliar a concessão de crédito e os riscos envolvidos.', 'Análise de Crédito');
insert into tb_curso (id,data_criacao,descricao,nome) values (1011,'2024-01-01','Curso de mercado de capitais, ensinando o funcionamento das bolsas de valores, como comprar e vender ativos financeiros e entender o comportamento do mercado.', 'Mercado de Capitais');
insert into tb_curso (id,data_criacao,descricao,nome) values (1012,'2024-01-01','Curso sobre fintechs e inovações no setor financeiro, discutindo como as novas tecnologias estão transformando o mercado financeiro e os serviços bancários.', 'Inovações no Mercado Financeiro');
insert into tb_curso (id,data_criacao,descricao,nome) values (1013,'2024-01-01','Curso de seguros e previdência, abordando os principais tipos de seguros, planos de previdência privada e como fazer escolhas financeiras com base nesses produtos.', 'Seguros e Previdência');
insert into tb_curso (id,data_criacao,descricao,nome) values (1014,'2024-01-01','Curso sobre planejamento tributário, ensinando estratégias para reduzir a carga tributária em empresas e pessoas físicas de forma legal e eficiente.', 'Planejamento Tributário');


insert into tb_inscricao (aluno_id,curso_id,id,data_inscricao) values (101,101,101,'2024-11-01');
insert into tb_inscricao (aluno_id,curso_id,id,data_inscricao) values (102,102,201,'2024-11-01');
insert into tb_inscricao (aluno_id,curso_id,id,data_inscricao) values (103,1011,301,'2024-11-01');
insert into tb_inscricao (aluno_id,curso_id,id,data_inscricao) values (104,104,401,'2024-11-01');
insert into tb_inscricao (aluno_id,curso_id,id,data_inscricao) values (105,105,501,'2024-11-01');
insert into tb_inscricao (aluno_id,curso_id,id,data_inscricao) values (106,106,601,'2024-11-01');
insert into tb_inscricao (aluno_id,curso_id,id,data_inscricao) values (107,107,701,'2024-11-01');
insert into tb_inscricao (aluno_id,curso_id,id,data_inscricao) values (108,108,801,'2024-11-01');
insert into tb_inscricao (aluno_id,curso_id,id,data_inscricao) values (109,109,901,'2024-11-01');
insert into tb_inscricao (aluno_id,curso_id,id,data_inscricao) values (1010,1010,1001,'2024-11-01');
insert into tb_inscricao (aluno_id,curso_id,id,data_inscricao) values (1011,109,1101,'2024-11-01');
insert into tb_inscricao (aluno_id,curso_id,id,data_inscricao) values (1012,108,1201,'2024-11-01');
insert into tb_inscricao (aluno_id,curso_id,id,data_inscricao) values (1013,107,1301,'2024-11-01');
insert into tb_inscricao (aluno_id,curso_id,id,data_inscricao) values (1014,106,1401,'2024-11-01');
insert into tb_inscricao (aluno_id,curso_id,id,data_inscricao) values (1015,105,1501,'2024-11-01');
insert into tb_inscricao (aluno_id,curso_id,id,data_inscricao) values (1016,104,1601,'2024-11-01');
insert into tb_inscricao (aluno_id,curso_id,id,data_inscricao) values (1017,1011,1701,'2024-11-01');
insert into tb_inscricao (aluno_id,curso_id,id,data_inscricao) values (1018,102,1801,'2024-11-01');
insert into tb_inscricao (aluno_id,curso_id,id,data_inscricao) values (1019,101,1901,'2024-11-01');
insert into tb_inscricao (aluno_id,curso_id,id,data_inscricao) values (1020,102,2001,'2024-11-01');
insert into tb_inscricao (aluno_id,curso_id,id,data_inscricao) values (1021,1011,2101,'2024-11-01');
insert into tb_inscricao (aluno_id,curso_id,id,data_inscricao) values (1022,104,2201,'2024-11-01');
insert into tb_inscricao (aluno_id,curso_id,id,data_inscricao) values (1023,105,2301,'2024-11-01');
insert into tb_inscricao (aluno_id,curso_id,id,data_inscricao) values (1024,106,2401,'2024-11-01');
insert into tb_inscricao (aluno_id,curso_id,id,data_inscricao) values (1025,107,2501,'2024-11-01');
insert into tb_inscricao (aluno_id,curso_id,id,data_inscricao) values (1026,108,2601,'2024-11-01');
insert into tb_inscricao (aluno_id,curso_id,id,data_inscricao) values (1027,109,2701,'2024-11-01');
insert into tb_inscricao (aluno_id,curso_id,id,data_inscricao) values (1028,1010,2801,'2024-11-01');
insert into tb_inscricao (aluno_id,curso_id,id,data_inscricao) values (1029,109,2901,'2024-11-01');
insert into tb_inscricao (aluno_id,curso_id,id,data_inscricao) values (1030,108,3001,'2024-11-01');
insert into tb_inscricao (aluno_id,curso_id,id,data_inscricao) values (1031,107,3101,'2024-11-01');
insert into tb_inscricao (aluno_id,curso_id,id,data_inscricao) values (1032,106,3201,'2024-11-01');
insert into tb_inscricao (aluno_id,curso_id,id,data_inscricao) values (1033,105,3301,'2024-11-01');
insert into tb_inscricao (aluno_id,curso_id,id,data_inscricao) values (1034,104,3401,'2024-11-01');
insert into tb_inscricao (aluno_id,curso_id,id,data_inscricao) values (1035,1011,3501,'2024-11-01');
insert into tb_inscricao (aluno_id,curso_id,id,data_inscricao) values (1036,102,3601,'2024-11-01');
insert into tb_inscricao (aluno_id,curso_id,id,data_inscricao) values (1037,101,3701,'2024-11-01');
insert into tb_inscricao (aluno_id,curso_id,id,data_inscricao) values (1038,102,3801,'2024-11-01');
insert into tb_inscricao (aluno_id,curso_id,id,data_inscricao) values (1039,1011,3901,'2024-11-01');
insert into tb_inscricao (aluno_id,curso_id,id,data_inscricao) values (1040,104,4001,'2024-11-01');
insert into tb_inscricao (aluno_id,curso_id,id,data_inscricao) values (1041,105,4101,'2024-11-01');
insert into tb_inscricao (aluno_id,curso_id,id,data_inscricao) values (1042,106,4201,'2024-11-01');
insert into tb_inscricao (aluno_id,curso_id,id,data_inscricao) values (1043,107,4301,'2024-11-01');
insert into tb_inscricao (aluno_id,curso_id,id,data_inscricao) values (1044,108,4401,'2024-11-01');
insert into tb_inscricao (aluno_id,curso_id,id,data_inscricao) values (1045,109,4501,'2024-11-01');
insert into tb_inscricao (aluno_id,curso_id,id,data_inscricao) values (1046,1010,4601,'2024-11-01');
insert into tb_inscricao (aluno_id,curso_id,id,data_inscricao) values (1047,109,4701,'2024-11-01');
insert into tb_inscricao (aluno_id,curso_id,id,data_inscricao) values (1048,108,4801,'2024-11-01');
insert into tb_inscricao (aluno_id,curso_id,id,data_inscricao) values (1049,107,4901,'2024-11-01');
insert into tb_inscricao (aluno_id,curso_id,id,data_inscricao) values (1050,106,5001,'2024-11-01');